t,kvaA,kvaB,kvaC
2020-05-27T07:00-07:00,6846.796842319773,5918.417609462854,4757.943568391706
