t,kvaA,kvaB,kvaC
2020-05-27T07:00-07:00,6181.111981944134,6034.4650135699685,6647.610999449352
